{
    "model_name": "GRU",
    "rmse": 0.524141697305252,
    "mae": 0.3709353188254244,
    "r2_score": 0.5643248935433549,
    "mape": 48.12927012696455,
    "rmse_scaled": 0.081432297505684,
    "mae_scaled": 0.05762967417638237,
    "r2_score_scaled": 0.5643248935433549,
    "mape_scaled": 67.96935103152383
}