{
    "model_name": "GRU",
    "rmse": 0.5278436147738564,
    "mae": 0.3615595163842342,
    "r2_score": 0.5581489725295572,
    "mape": 42.679496510835676,
    "rmse_scaled": 0.08200743901072881,
    "mae_scaled": 0.056173020111897835,
    "r2_score_scaled": 0.5581489725295573,
    "mape_scaled": 58.13097620236154
}