{
    "model_name": "GRU",
    "rmse": 0.5268888802828339,
    "mae": 0.37296466758768054,
    "r2_score": 0.5597459186481093,
    "mape": 49.46738930267654,
    "rmse_scaled": 0.08185910846669538,
    "mae_scaled": 0.05794496016297807,
    "r2_score_scaled": 0.5597459186481094,
    "mape_scaled": 69.50352839377354
}