{
    "model_name": "GRU",
    "rmse": 0.5242191594971036,
    "mae": 0.36574084849244676,
    "r2_score": 0.5641961083592484,
    "mape": 47.19446045895447,
    "rmse_scaled": 0.08144433227468774,
    "mae_scaled": 0.05682264497852572,
    "r2_score_scaled": 0.5641961083592484,
    "mape_scaled": 66.27191790783648
}